1; InFrontOfStickers; 1; 73d297cf-6ba1-48a4-9bb2-f1632cc73e2f; youtube; YouTube; Александр; 1; Супер интересно; 637231869102551730; False; RGBA(1.000, 0.000, 0.000, 1.000); True; CREATED; -
1; InFrontOfStickers; 1; 73d297cf-6ba1-48a4-9bb2-f1632cc73e2f; youtube; YouTube; Александр; 1; Супер интересно; 637231869102551730; False; RGBA(1.000, 0.000, 0.000, 1.000); True; CREATED; -
1; InFrontOfStickers; 1; 4dc45f9f-9fab-4cc3-b70e-09f0c59205e7; youtube; YouTube; Александр; 1; Пам-пам; 637231869188924870; False; RGBA(1.000, 0.000, 0.000, 1.000); True; CREATED; -
1; InFrontOfMobile; 1; 9221ca56-c23d-43b0-b84b-b3fa4aa5dba8; youtube; YouTube; Александр; 1; Тут может быть ваша реклама; 637234372466034170; False; RGBA(1.000, 0.000, 0.000, 1.000); True; CREATED; -
1; InFrontOfMobile; 1; c2cbd362-2573-4f04-a2e8-4681eb7f63b5; _silent_; YouTube; Александр; 1; Супер интересно; 637234372498363290; True; RGBA(0.500, 0.500, 0.500, 1.000); False; CREATED; -
1; InFrontOfMobile; 1; dc449955-030b-45dd-a58e-da3609b92e84; youtube; YouTube; Александр; 1; Ты не поверишь!; 637235172355217240; False; RGBA(1.000, 0.000, 0.000, 1.000); True; CREATED; -
1; InFrontOfMobile; 1; 26adeb9c-b806-419e-b8da-d5c6117dac4c; whatsapp; WhatsApp; Антон; 5; Надеюсь скоро увидимся!; 637235172417297950; False; RGBA(0.000, 1.000, 0.000, 1.000); False; CREATED; -
1; InFrontOfMobile; 1; 26adeb9c-b806-419e-b8da-d5c6117dac4c; whatsapp; WhatsApp; Антон; 5; Надеюсь скоро увидимся!; 637235172417297950; False; RGBA(0.000, 1.000, 0.000, 1.000); False; REACTED; 20329060
1; InFrontOfMobile; 1; dc449955-030b-45dd-a58e-da3609b92e84; youtube; YouTube; Александр; 1; Ты не поверишь!; 637235172355217240; False; RGBA(1.000, 0.000, 0.000, 1.000); True; REACTED; 106427570
1; InFrontOfMobile; 1; 9445ab74-6420-4cd8-81cd-8c0d95399e0e; youtube; YouTube; Александр; 1; Очень важно!; 637235172477526880; False; RGBA(1.000, 0.000, 0.000, 1.000); True; CREATED; -
1; InFrontOfMobile; 1; 990f221b-924d-4755-9919-d1ae215c2928; _silent_; WhatsApp; Елена; 7; Куда едешь на каникулах?; 637235172537753400; True; RGBA(0.500, 0.500, 0.500, 1.000); False; CREATED; -
1; InFrontOfMobile; 1; 4b5fc1d6-1c8b-4473-89cd-4063305b6a86; whatsapp; WhatsApp; Антон; 5; Когда придешь домой?; 637235172626980960; False; RGBA(0.000, 1.000, 0.000, 1.000); False; CREATED; -
1; InFrontOfMobile; 1; 9445ab74-6420-4cd8-81cd-8c0d95399e0e; youtube; YouTube; Александр; 1; Очень важно!; 637235172477526880; False; RGBA(1.000, 0.000, 0.000, 1.000); True; REACTED; 236610780
1; InFrontOfMobile; 1; 76083d06-4588-4256-9c17-57939d41061b; youtube; YouTube; Александр; 1; Пам-пам; 637235173341517530; False; RGBA(1.000, 0.000, 0.000, 1.000); True; CREATED; -
1; InFrontOfMobile; 1; b6befbc2-edb7-45a4-9b4a-abe52e6022d4; _silent_; Яндекс.Почта; Антон; 5; Только сегодня!; 637235173403534520; True; RGBA(0.500, 0.500, 0.500, 1.000); False; CREATED; -
1; InFrontOfMobile; 1; eea364fe-df7a-4425-897b-f1178c5b3f71; youtube; YouTube; Александр; 1; Ответ; 637235173463762090; False; RGBA(1.000, 0.000, 0.000, 1.000); True; CREATED; -
1; InFrontOfMobile; 1; eb9a6845-3ba4-4777-8a09-23d985c93e65; youtube; YouTube; Александр; 1; Только сегодня!; 637235175777275930; False; RGBA(1.000, 0.000, 0.000, 1.000); True; CREATED; -
1; InFrontOfMobile; 1; 60959241-3b8b-48c6-a96c-51ef5497e0c3; whatsapp; WhatsApp; Андрей; 4; Что задали в универе?; 637235175839896630; False; RGBA(0.000, 1.000, 0.000, 1.000); False; CREATED; -
1; InFrontOfMobile; 1; 3fa12d82-c447-432f-9e74-45fccf3567d1; youtube; YouTube; Александр; 1; Пам-пам; 637235175900130970; False; RGBA(1.000, 0.000, 0.000, 1.000); True; CREATED; -
1; InFrontOfMobile; 1; b545db78-7328-4391-8fb1-4712f77b2385; youtube; YouTube; Александр; 1; Тут может быть ваша реклама; 637235177229372370; False; RGBA(1.000, 0.000, 0.000, 1.000); True; CREATED; -
1; InFrontOfMobile; 1; c5a0163a-9e69-4779-9f7e-43fa44616321; youtube; YouTube; Александр; 1; Тут может быть ваша реклама; 637235180744890700; False; RGBA(1.000, 0.000, 0.000, 1.000); True; CREATED; -
1; InFrontOfMobile; 1; 6dff493d-2bdd-47e9-b619-2a5a0ab5b5f7; yandexpost; Яндекс.Почта; Зинаида; 9; Очень важно!; 637235180807248200; False; RGBA(1.000, 0.922, 0.016, 1.000); False; CREATED; -
1; InFrontOfMobile; 1; 6ed40419-693a-43d3-982f-dc60c1fb0133; youtube; YouTube; Александр; 1; Внимание!; 637235180867481430; False; RGBA(1.000, 0.000, 0.000, 1.000); True; CREATED; -
1; InFrontOfMobile; 1; ed04891b-f15e-4e59-b32c-5c11b559f175; _silent_; YouTube; Алексей; 2; Тут может быть ваша реклама; 637235180927698480; True; RGBA(0.500, 0.500, 0.500, 1.000); False; CREATED; -
1; InFrontOfMobile; 1; cc6c2463-2162-4980-aa22-a3e8fade0571; whatsapp; WhatsApp; Анастасия; 6; Улетаю в командировку, польешь цветы?; 637235180988088650; False; RGBA(0.000, 1.000, 0.000, 1.000); False; CREATED; -
1; InFrontOfMobile; 1; 924c5d35-2e44-4746-88f3-647cdd9d6a0e; youtube; YouTube; Александр; 1; Тут может быть ваша реклама; 637235185474036420; False; RGBA(1.000, 0.000, 0.000, 1.000); True; CREATED; -
1; InFrontOfMobile; 1; e5dc372c-fe39-42fb-87ea-db45b25cc761; whatsapp; WhatsApp; Виктория; 10; Пойдем гулять?; 637235185536441880; False; RGBA(0.000, 1.000, 0.000, 1.000); False; CREATED; -
1; InFrontOfMobile; 1; 924c5d35-2e44-4746-88f3-647cdd9d6a0e; youtube; YouTube; Александр; 1; Тут может быть ваша реклама; 637235185474036420; False; RGBA(1.000, 0.000, 0.000, 1.000); True; REACTED; 98538840
1; InFrontOfMobile; 1; 3f698d59-b7a9-47bf-a066-bcf00edbb6ac; youtube; YouTube; Александр; 1; Тут может быть ваша реклама; 637235185596706880; False; RGBA(1.000, 0.000, 0.000, 1.000); True; CREATED; -
1; InFrontOfMobile; 1; 9e316956-2276-4446-b0fc-40f1b3687591; whatsapp; WhatsApp; Зинаида; 9; Завтра иду на стрижку; 637235185656995350; False; RGBA(0.000, 1.000, 0.000, 1.000); False; CREATED; -
1; InFrontOfMobile; 1; dca569c8-6dc2-4355-a854-d6fce09b2a21; _silent_; YouTube; Антон; 5; Очень важно!; 637235185717214640; True; RGBA(0.500, 0.500, 0.500, 1.000); False; CREATED; -
1; InFrontOfMobile; 1; 82e29b56-4fda-4512-a8cd-821225654f8b; youtube; YouTube; Александр; 1; Супер интересно; 637235191504705250; False; RGBA(1.000, 0.000, 0.000, 1.000); True; CREATED; -
1; InFrontOfMobile; 1; b1fb3514-8a73-4c50-911e-e6a191ba0a46; _silent_; Telegram; Виктория; 10; Что делаешь?; 637235191566849600; True; RGBA(0.500, 0.500, 0.500, 1.000); False; CREATED; -
1; InFrontOfMobile; 1; 1a97ffd6-f8f1-4a46-ba35-dff9aa4b7e59; youtube; YouTube; Александр; 1; Внимание!; 637235191627154050; False; RGBA(1.000, 0.000, 0.000, 1.000); True; CREATED; -
1; InFrontOfMobile; 1; 11e59dc3-60a3-4c55-8d12-62f3ad8f867c; _silent_; WhatsApp; Елизавета; 8; Твои новости очень меня обрадовали; 637235191687392760; True; RGBA(0.500, 0.500, 0.500, 1.000); False; CREATED; -
1; InFrontOfMobile; 1; 0d631ba7-31f2-4ad5-95c3-1ccf0c3ec36b; _silent_; YouTube; Виктория; 10; Тут может быть ваша реклама; 637235191747606290; True; RGBA(0.500, 0.500, 0.500, 1.000); False; CREATED; -
1; InFrontOfStickers; 1; 6febcaca-47d4-4838-87e2-c6aa0252149a; youtube; YouTube; Александр; 1; Ты не поверишь!; 637235193213611650; False; RGBA(1.000, 0.000, 0.000, 1.000); True; CREATED; -
1; InFrontOfStickers; 1; 07400bef-bf6e-4674-ac31-86b05db35041; _silent_; WhatsApp; Анастасия; 6; Что делаешь?; 637235193275593380; True; RGBA(0.500, 0.500, 0.500, 1.000); False; CREATED; -
1; InFrontOfStickers; 1; a7a75f76-fe4e-4ff7-ae3f-a4378f6a3a0c; youtube; YouTube; Александр; 1; Пам-пам; 637235193335829430; False; RGBA(1.000, 0.000, 0.000, 1.000); True; CREATED; -
1; InFrontOfStickers; 1; 6c473834-3a5a-47bf-b5a4-87c7d285fb04; _silent_; WhatsApp; Елизавета; 8; Я спать, больше нет сил; 637235193396190670; True; RGBA(0.500, 0.500, 0.500, 1.000); False; CREATED; -
1; InFrontOfStickers; 1; f2612a36-2edf-454a-add5-dc277c45e666; _silent_; WhatsApp; Елена; 7; В такую погоду только дома сидеть; 637235193456516640; True; RGBA(0.500, 0.500, 0.500, 1.000); False; CREATED; -
1; InFrontOfMobile; 1; 0f509398-da23-4b65-bc69-e70ceb9619ec; youtube; YouTube; Александр; 1; А вы знали?; 637235195887319120; False; RGBA(1.000, 0.000, 0.000, 1.000); True; CREATED; -
1; InFrontOfMobile; 1; bc32c711-845b-4b23-850b-07b57494ea27; youtube; YouTube; Анастасия; 6; А вы знали?; 637235195949407970; False; RGBA(1.000, 0.000, 0.000, 1.000); False; CREATED; -
1; InFrontOfMobile; 1; f90fcefa-0960-4c45-a721-37bd5024be4a; youtube; YouTube; Александр; 1; Пам-пам; 637235196009622550; False; RGBA(1.000, 0.000, 0.000, 1.000); True; CREATED; -
1; InFrontOfMobile; 1; de1f6195-3cc9-44f7-a8fb-f2ecef2785d4; _silent_; Telegram; Алексей; 2; Улетаю в командировку, польешь цветы?; 637235196069963830; True; RGBA(0.500, 0.500, 0.500, 1.000); False; CREATED; -
1; InFrontOfMobile; 1; c02ee712-1627-42da-ada9-98736d437a71; youtube; YouTube; Елизавета; 8; Пам-пам; 637235196130272770; False; RGBA(1.000, 0.000, 0.000, 1.000); False; CREATED; -
1; InFrontOfMobile; 1; f575d2b2-bfc5-4f6d-bb56-1bb2454a6dbf; youtube; YouTube; Александр; 1; Ответ; 637235197655906050; False; RGBA(1.000, 0.000, 0.000, 1.000); True; CREATED; -
1; InFrontOfMobile; 1; 64baa156-0d6c-447a-b724-11cbe474839a; telegram; Telegram; Андрей; 4; Что на ужин?; 637235197717897010; False; RGBA(0.000, 0.000, 1.000, 1.000); False; CREATED; -
1; InFrontOfMobile; 1; 0039dd47-d382-4ea9-9916-259a7d5460b7; youtube; YouTube; Александр; 1; Тут может быть ваша реклама; 637235197778159890; False; RGBA(1.000, 0.000, 0.000, 1.000); True; CREATED; -
1; InFrontOfMobile; 1; 7f360c61-9be0-4752-b51b-80d96076e60a; _silent_; YouTube; Андрей; 4; Очень важно!; 637235197840215760; True; RGBA(0.500, 0.500, 0.500, 1.000); False; CREATED; -
1; InFrontOfMobile; 1; 80a3bbb4-13a2-4d31-a11e-80f9489345d9; _silent_; YouTube; Алексей; 2; А вы знали?; 637235197900486930; True; RGBA(0.500, 0.500, 0.500, 1.000); False; CREATED; -
1; InFrontOfMobile; 1; c6004bd0-508a-4652-ad3a-43f8cb585810; youtube; YouTube; Александр; 1; Ты не поверишь!; 637235200563503320; False; RGBA(1.000, 0.000, 0.000, 1.000); True; CREATED; -
1; InFrontOfMobile; 1; 4652fda3-bce5-4d4b-b0cb-60271cb36b04; _silent_; Яндекс.Почта; Алексей; 2; Тут может быть ваша реклама; 637235200625479100; True; RGBA(0.500, 0.500, 0.500, 1.000); False; CREATED; -
1; InFrontOfMobile; 1; 9ab4b432-0d54-46b7-9f2c-293184c06b6a; youtube; YouTube; Александр; 1; Тут может быть ваша реклама; 637235200685654530; False; RGBA(1.000, 0.000, 0.000, 1.000); True; CREATED; -
1; InFrontOfMobile; 1; 28d672e3-52c5-45b3-bf0c-7c446a30b3a7; youtube; YouTube; Алексей; 2; Супер интересно; 637235200745937970; False; RGBA(1.000, 0.000, 0.000, 1.000); False; CREATED; -
1; InFrontOfMobile; 1; 41867cd9-2404-4dad-b3c0-e3bc6e2651f8; _silent_; Telegram; Антон; 5; Что задали в универе?; 637235200806283180; True; RGBA(0.500, 0.500, 0.500, 1.000); False; CREATED; -
1; HiddenWaves; 1; 5ebae2eb-8564-4e9f-b0b0-078412d49125; youtube; YouTube; Александр; 1; Только сегодня!; 637235203563336280; False; RGBA(1.000, 0.000, 0.000, 1.000); True; CREATED; -
1; AroundMobile; 1; 979229af-65e7-414c-93ae-a4d6b3e67309; youtube; YouTube; Александр; 1; Тут может быть ваша реклама; 637235205536660940; False; RGBA(1.000, 0.000, 0.000, 1.000); True; CREATED; -
1; AroundMobile; 1; b42721d8-814a-4c5c-a523-d64c265d3350; whatsapp; WhatsApp; Зинаида; 9; Что на ужин?; 637235205599324500; False; RGBA(0.000, 1.000, 0.000, 1.000); False; CREATED; -
1; AroundMobile; 1; 124e3226-d5c6-4780-93e3-51c5d475fffe; youtube; YouTube; Александр; 1; Ответ; 637235205659673470; False; RGBA(1.000, 0.000, 0.000, 1.000); True; CREATED; -
1; AroundMobile; 1; 3f8a7fa4-a57f-426f-9fd4-f57b16534df4; _silent_; WhatsApp; Анатолий; 3; Твои новости очень меня обрадовали; 637235205720696210; True; RGBA(0.500, 0.500, 0.500, 1.000); False; CREATED; -
1; AroundMobile; 1; 3596e67c-f7d4-44ef-b219-6e8dca37ac17; _silent_; Telegram; Виктория; 10; Улетаю в командировку, польешь цветы?; 637235205780923510; True; RGBA(0.500, 0.500, 0.500, 1.000); False; CREATED; -
1; AroundMobile; 1; 4e9622de-e8b7-4b80-ad5b-35aaf03ceda2; youtube; YouTube; Александр; 1; Очень важно!; 637235206557766980; False; RGBA(1.000, 0.000, 0.000, 1.000); True; CREATED; -
1; AroundMobile; 1; e9b1ebb0-9174-476b-9f6c-4ab3ab81f9b1; _silent_; WhatsApp; Елена; 7; Завтра иду на стрижку; 637235206813736920; True; RGBA(0.500, 0.500, 0.500, 1.000); False; CREATED; -
1; AroundMobile; 1; 9c47bce0-c075-4d44-a3a1-a423bd0ca129; youtube; YouTube; Александр; 1; Только сегодня!; 637235207009262420; False; RGBA(1.000, 0.000, 0.000, 1.000); True; CREATED; -
1; AroundMobile; 1; 867d8f57-c9f8-431e-9a01-77980159b199; telegram; Telegram; Анатолий; 3; Что задали в универе?; 637235207069478870; False; RGBA(0.000, 0.000, 1.000, 1.000); False; CREATED; -
1; AroundStickers; 1; c1a9fd4a-98f4-4910-8f11-3b0fb8ceddc9; youtube; YouTube; Александр; 1; Ты не поверишь!; 637235209136312360; False; RGBA(1.000, 0.000, 0.000, 1.000); True; CREATED; -
1; InFrontOfMobile; 1; f94d0be5-b9bc-460e-a50e-5b8b85ab4487; youtube; YouTube; Александр; 1; Ответ; 637235211661779650; False; RGBA(1.000, 0.000, 0.000, 1.000); True; CREATED; -
1; InFrontOfMobile; 1; f623d8a7-4dfd-45ca-99b6-fc3c26eddd34; telegram; Telegram; Виктория; 10; Хочу сходить в кино. Присоединишься?; 637235211724123380; False; RGBA(0.000, 0.000, 1.000, 1.000); False; CREATED; -
1; InFrontOfMobile; 1; 1e6a92d4-4ff4-4d1a-a020-7d7b2c11a656; youtube; YouTube; Александр; 1; Очень важно!; 637235211794284990; False; RGBA(1.000, 0.000, 0.000, 1.000); True; CREATED; -
1; InFrontOfMobile; 1; 6db36b35-a4a3-496a-a7b0-164a80debb52; _silent_; YouTube; Андрей; 4; Вопрос; 637235211854628770; True; RGBA(0.500, 0.500, 0.500, 1.000); False; CREATED; -
1; InFrontOfMobile; 1; cacdcb2e-953a-4ca8-983b-0938959332d0; youtube; YouTube; Алексей; 2; Пам-пам; 637235211914859510; False; RGBA(1.000, 0.000, 0.000, 1.000); False; CREATED; -
1; InFrontOfMobile; 2; 55d621cb-ab29-4e90-84b6-c2bf1de631cf; youtube; YouTube; Александр; 1; Ответ; 637235222380193680; False; RGBA(1.000, 0.000, 0.000, 1.000); True; CREATED; -
1; InFrontOfMobile; 2; 2f24a08a-6265-46e9-9e5f-a2e19610f395; whatsapp; WhatsApp; Алексей; 2; Что на ужин?; 637235222381084270; False; RGBA(0.000, 1.000, 0.000, 1.000); False; CREATED; -
1; InFrontOfMobile; 2; e4cfd9de-4c4e-4687-b3cc-98f8c083a338; youtube; YouTube; Александр; 1; А вы знали?; 637235222381256080; False; RGBA(1.000, 0.000, 0.000, 1.000); True; CREATED; -
1; InFrontOfMobile; 2; 80760279-ae81-4d7e-8177-32f4e1997263; telegram; Telegram; Виктория; 10; Куда едешь на каникулах?; 637235222381579750; False; RGBA(0.000, 0.000, 1.000, 1.000); False; CREATED; -
1; InFrontOfMobile; 2; dc949708-acc7-411c-82e3-babc1591f137; youtube; YouTube; Антон; 5; Тут может быть ваша реклама; 637235222381842950; False; RGBA(1.000, 0.000, 0.000, 1.000); False; CREATED; -
1; InFrontOfMobile; 1; 2fd44b4a-1459-49d5-a3eb-2f8f96bd5890; youtube; YouTube; Александр; 1; Внимание!; 637235227036493700; False; RGBA(1.000, 0.000, 0.000, 1.000); True; CREATED; -
1; InFrontOfMobile; 1; 924928d7-aa4a-43dc-84cc-70e42fb81baf; _silent_; Telegram; Анастасия; 6; Надеюсь скоро увидимся!; 637235227037315220; True; RGBA(0.500, 0.500, 0.500, 1.000); False; CREATED; -
1; InFrontOfMobile; 1; 0b0c5e77-4bf5-45d7-8357-da0a98d3c345; youtube; YouTube; Александр; 1; Вопрос; 637235227037441150; False; RGBA(1.000, 0.000, 0.000, 1.000); True; CREATED; -
1; InFrontOfMobile; 1; 1b66df8b-d8aa-4737-ae2f-1bad2ef78d00; telegram; Telegram; Зинаида; 9; Я тебя люблю; 637235227037626740; False; RGBA(0.000, 0.000, 1.000, 1.000); False; CREATED; -
1; InFrontOfMobile; 1; 5f318483-bf72-4cbb-8e15-74835d67a453; _silent_; WhatsApp; Анатолий; 3; Что задали в универе?; 637235227037828180; True; RGBA(0.500, 0.500, 0.500, 1.000); False; CREATED; -
1; InFrontOfMobile; 1; 6f371666-ec0b-47a8-abf0-c3396d1f3300; youtube; YouTube; Александр; 1; Супер интересно; 637235232964744200; False; RGBA(1.000, 0.000, 0.000, 1.000); True; CREATED; -
1; InFrontOfMobile; 1; 577a51d1-6f43-43aa-9d46-813bdf9be5a6; _silent_; WhatsApp; Зинаида; 9; Когда придешь домой?; 637235232965500560; True; RGBA(0.500, 0.500, 0.500, 1.000); False; CREATED; -
1; InFrontOfMobile; 1; 6be5ede6-f5d4-432d-974a-a9290aee5141; youtube; YouTube; Александр; 1; Внимание!; 637235232965628880; False; RGBA(1.000, 0.000, 0.000, 1.000); True; CREATED; -
1; InFrontOfMobile; 1; 2168df84-7a9b-4208-a372-21f947b36f32; whatsapp; WhatsApp; Антон; 5; В такую погоду только дома сидеть; 637235232965791550; False; RGBA(0.000, 1.000, 0.000, 1.000); False; CREATED; -
1; InFrontOfMobile; 1; e6f5b38f-703d-44c2-a34e-8ff53f451801; youtube; YouTube; Виктория; 10; Внимание!; 637235232966013230; False; RGBA(1.000, 0.000, 0.000, 1.000); False; CREATED; -
1; InFrontOfMobile; 1; f8a8a60a-98ef-4e9d-8aa6-4da680d4bbd1; youtube; YouTube; Александр; 1; Внимание!; 637235239520704520; False; RGBA(1.000, 0.000, 0.000, 1.000); True; CREATED; -
1; InFrontOfMobile; 1; 0863447a-6ef1-4e4e-97e5-1868c1c6cc71; whatsapp; WhatsApp; Анастасия; 6; Не забудь покормить кота!; 637235239521619630; False; RGBA(0.000, 1.000, 0.000, 1.000); False; CREATED; -
1; InFrontOfMobile; 1; c34e577d-5abc-4ae4-8391-206c39031de1; youtube; YouTube; Александр; 1; Очень важно!; 637235239521742620; False; RGBA(1.000, 0.000, 0.000, 1.000); True; CREATED; -
1; InFrontOfMobile; 1; 4a46bcea-35cc-4aac-97e7-1054226a4f56; youtube; YouTube; Андрей; 4; Тут может быть ваша реклама; 637235239521880810; False; RGBA(1.000, 0.000, 0.000, 1.000); False; CREATED; -
1; InFrontOfMobile; 1; 1dc7798b-2ef3-45bb-a55f-48a6a4c15473; telegram; Telegram; Антон; 5; Хочу сходить в кино. Присоединишься?; 637235239522092610; False; RGBA(0.000, 0.000, 1.000, 1.000); False; CREATED; -
1; InFrontOfMobile; 1; d27d8fe7-9a39-496c-bf30-72d0327d4d5e; youtube; YouTube; Александр; 1; Супер интересно; 637235241754215340; False; RGBA(1.000, 0.000, 0.000, 1.000); True; CREATED; -
1; InFrontOfMobile; 1; 44673284-18e0-4610-af98-a7b230865691; telegram; Telegram; Виктория; 10; Еду в магазин. Что-то купить?; 637235241754973380; False; RGBA(0.000, 0.000, 1.000, 1.000); False; CREATED; -
1; InFrontOfMobile; 1; 7a3f3916-ed14-4fd2-9008-7fadbd713f2e; youtube; YouTube; Александр; 1; Внимание!; 637235241755127110; False; RGBA(1.000, 0.000, 0.000, 1.000); True; CREATED; -
1; InFrontOfMobile; 1; 735dd160-132d-4d78-af7a-6757dbd18637; whatsapp; WhatsApp; Александр; 1; Заберешь меня с работы?; 637235241755282700; False; RGBA(0.000, 1.000, 0.000, 1.000); False; CREATED; -
1; InFrontOfMobile; 1; 7f4af7ca-bb8f-401f-9f6c-d0266234e102; _silent_; Яндекс.Почта; Зинаида; 9; Только сегодня!; 637235241755556400; True; RGBA(0.500, 0.500, 0.500, 1.000); False; CREATED; -
1; InFrontOfMobile; 1; ccc225ea-ac16-48be-9e1f-32f7bb5459a3; youtube; YouTube; Александр; 1; Супер интересно; 637235257008255650; False; RGBA(1.000, 0.000, 0.000, 1.000); True; CREATED; -
1; InFrontOfMobile; 1; 50f37164-5ae9-4fb7-b1c8-9cc3ea3045f0; youtube; YouTube; Александр; 1; Вопрос; 637235257356300650; False; RGBA(1.000, 0.000, 0.000, 1.000); True; CREATED; -
1; InFrontOfMobile; 1; 96ef974d-ed93-4c8a-8d41-d9860686fabf; youtube; YouTube; Александр; 1; Ответ; 637235258218280950; False; RGBA(1.000, 0.000, 0.000, 1.000); True; CREATED; -
1; InFrontOfMobile; 1; 89dd26f5-740c-4b5f-a838-2b8dab5b7bda; yandexpost; Яндекс.Почта; Андрей; 4; Тут может быть ваша реклама; 637235258281662860; False; RGBA(1.000, 0.922, 0.016, 1.000); False; CREATED; -
1; InFrontOfMobile; 1; 4293494b-1e57-4790-8f9e-790daabde11c; youtube; YouTube; Александр; 1; А вы знали?; 637235258342107930; False; RGBA(1.000, 0.000, 0.000, 1.000); True; CREATED; -
1; InFrontOfMobile; 1; 4b429c9d-7bf0-40f6-9344-d3dc7f19dc8e; whatsapp; WhatsApp; Андрей; 4; Я спать, больше нет сил; 637235258403322380; False; RGBA(0.000, 1.000, 0.000, 1.000); False; CREATED; -
1; InFrontOfMobile; 1; 859f938c-b12e-43c7-92ea-3d461857ed1b; telegram; Telegram; Алексей; 2; Не забудь покормить кота!; 637235258466717700; False; RGBA(0.000, 0.000, 1.000, 1.000); False; CREATED; -
1; InFrontOfMobile; 2; aa22c154-9187-4a85-87d8-ce819ab0c5b7; youtube; YouTube; Александр; 1; Ответ; 637235259202122270; False; RGBA(1.000, 0.000, 0.000, 1.000); True; CREATED; -
1; InFrontOfMobile; 2; 7b046986-fdb1-4a25-aff6-f6355fa61d5d; _silent_; WhatsApp; Анастасия; 6; Приглашаю на день рождения. Встречаемся завтра в баре; 637235259265717660; True; RGBA(0.500, 0.500, 0.500, 1.000); False; CREATED; -
1; InFrontOfMobile; 2; 3000ed6e-9c2a-4f6d-bd04-babaf1ef94c5; youtube; YouTube; Александр; 1; Ты не поверишь!; 637235259325846600; False; RGBA(1.000, 0.000, 0.000, 1.000); True; CREATED; -
1; InFrontOfMobile; 2; 6848d4a8-d15a-4bf0-bb3d-381f8d080917; whatsapp; WhatsApp; Анастасия; 6; Еду в магазин. Что-то купить?; 637235259386002610; False; RGBA(0.000, 1.000, 0.000, 1.000); False; CREATED; -
1; InFrontOfMobile; 2; 84f7b04b-8fbe-4900-9cb3-358f0c7fe5bb; _silent_; Яндекс.Почта; Анатолий; 3; Тут может быть ваша реклама; 637235259446162610; True; RGBA(0.500, 0.500, 0.500, 1.000); False; CREATED; -
1; InFrontOfMobile; 2; 3d1271cf-864f-4e6b-83e5-1710e7b29add; youtube; YouTube; Елена; 7; Супер интересно; 637235259606329540; False; RGBA(1.000, 0.000, 0.000, 1.000); False; CREATED; -
1; InFrontOfMobile; 2; a1b5d443-3859-4628-a87c-cb9ec745defb; telegram; Telegram; Виктория; 10; Куда едешь на каникулах?; 637235259666500170; False; RGBA(0.000, 0.000, 1.000, 1.000); False; CREATED; -
1; InFrontOfMobile; 2; 8a6d49ef-a39a-4f3f-9a3a-d8d7bb65813e; _silent_; Telegram; Анатолий; 3; Хочу сходить в кино. Присоединишься?; 637235259727746960; True; RGBA(0.500, 0.500, 0.500, 1.000); False; CREATED; -
1; InFrontOfMobile; 2; b9806a3c-0271-4a7d-a76e-0ec8d7a1a56b; _silent_; YouTube; Елизавета; 8; Очень важно!; 637235259787888930; True; RGBA(0.500, 0.500, 0.500, 1.000); False; CREATED; -
1; InFrontOfMobile; 2; 2b290733-87d7-4ce7-9e86-5ce143dacfb2; whatsapp; WhatsApp; Анатолий; 3; Привет!; 637235259848015060; False; RGBA(0.000, 1.000, 0.000, 1.000); False; CREATED; -
1; InFrontOfMobile; 2; eddfdd24-fbd9-4cad-ae8f-dd779c3d1ded; youtube; YouTube; Александр; 1; Пам-пам; 637235273918974040; False; RGBA(1.000, 0.000, 0.000, 1.000); True; CREATED; -
1; InFrontOfMobile; 2; ebb047ff-946d-43be-aa35-e287a0c51f54; whatsapp; WhatsApp; Елена; 7; Твои новости очень меня обрадовали; 637235273951417620; False; RGBA(0.000, 1.000, 0.000, 1.000); False; CREATED; -
1; InFrontOfMobile; 2; 73c9ffbe-39e6-4dbd-8bd9-11ee4d8b0dbc; youtube; YouTube; Александр; 1; Ответ; 637235273981483390; False; RGBA(1.000, 0.000, 0.000, 1.000); True; CREATED; -
1; InFrontOfMobile; 2; a9348d7d-adc9-45c2-9dc4-e5d4ac01a33d; whatsapp; WhatsApp; Алексей; 2; Как дела?; 637235274011574330; False; RGBA(0.000, 1.000, 0.000, 1.000); False; CREATED; -
1; InFrontOfMobile; 2; ae586ab9-db02-4f0e-95be-97bb7a48cbb8; telegram; Telegram; Елена; 7; Я спать, больше нет сил; 637235274141652920; False; RGBA(0.000, 0.000, 1.000, 1.000); False; CREATED; -
1; InFrontOfMobile; 2; 8f3231b3-94df-47c9-8e0d-c70f59a45d50; _silent_; YouTube; Андрей; 4; Супер интересно; 637235274171825850; True; RGBA(0.500, 0.500, 0.500, 1.000); False; CREATED; -
1; InFrontOfMobile; 2; 8014d7c7-1733-4d06-b09b-613c3bf8d1fe; youtube; YouTube; Елена; 7; Ты не поверишь!; 637235274201947810; False; RGBA(1.000, 0.000, 0.000, 1.000); False; CREATED; -
1; InFrontOfMobile; 2; a3a991ab-0723-4464-bc63-85552f8f9ece; _silent_; Telegram; Елизавета; 8; Как дела?; 637235274231944860; True; RGBA(0.500, 0.500, 0.500, 1.000); False; CREATED; -
1; InFrontOfMobile; 2; 97c48501-f781-4e3e-95d0-4abd4a62a6a9; youtube; YouTube; Александр; 1; Ты не поверишь!; 637235274889315000; False; RGBA(1.000, 0.000, 0.000, 1.000); True; CREATED; -
1; InFrontOfMobile; 2; f658da27-e9ff-4673-8ac7-090e2c99b947; youtube; YouTube; Зинаида; 9; Только сегодня!; 637235274921480470; False; RGBA(1.000, 0.000, 0.000, 1.000); False; CREATED; -
1; InFrontOfMobile; 2; 9318522c-dd58-4248-ae0c-18b26af6eefe; youtube; YouTube; Александр; 1; Ответ; 637235274951485920; False; RGBA(1.000, 0.000, 0.000, 1.000); True; CREATED; -
1; InFrontOfMobile; 2; 90b24744-59a8-4ebe-bfc7-d844065c8e90; telegram; Telegram; Антон; 5; Я спать, больше нет сил; 637235274981512950; False; RGBA(0.000, 0.000, 1.000, 1.000); False; CREATED; -
1; InFrontOfMobile; 2; e258ede7-6cea-4a88-b11f-377768343915; _silent_; WhatsApp; Елена; 7; Пойдем гулять?; 637235275112832070; True; RGBA(0.500, 0.500, 0.500, 1.000); False; CREATED; -
1; InFrontOfMobile; 2; 4ac0b8cb-ccdd-4f02-9101-547237176ee0; whatsapp; WhatsApp; Зинаида; 9; Приглашаю на день рождения. Встречаемся завтра в баре; 637235275143010760; False; RGBA(0.000, 1.000, 0.000, 1.000); False; CREATED; -
1; InFrontOfMobile; 2; 757ab48f-64e1-47f7-948d-4517b13b7d67; yandexpost; Яндекс.Почта; Зинаида; 9; Внимание!; 637235275173026510; False; RGBA(1.000, 0.922, 0.016, 1.000); False; CREATED; -
1; InFrontOfMobile; 2; 1e6f70f0-516f-4889-92fc-911f26312fdc; _silent_; Telegram; Александр; 1; Как дела?; 637235275203142570; True; RGBA(0.500, 0.500, 0.500, 1.000); False; CREATED; -
1; InFrontOfMobile; 2; fe0359a5-8e40-49c7-9d74-d744c015c291; youtube; YouTube; Александр; 1; Вопрос; 637235276076966100; False; RGBA(1.000, 0.000, 0.000, 1.000); True; CREATED; -
1; InFrontOfMobile; 2; 9609c9d3-e34a-428f-90df-dfdddbb4897d; telegram; Telegram; Елена; 7; Не забудь покормить кота!; 637235276108982750; False; RGBA(0.000, 0.000, 1.000, 1.000); False; CREATED; -
1; InFrontOfMobile; 2; 6c9d7170-297d-4c53-abb9-059411d96ea2; youtube; YouTube; Александр; 1; Супер интересно; 637235276139028990; False; RGBA(1.000, 0.000, 0.000, 1.000); True; CREATED; -
1; InFrontOfMobile; 2; 532a5162-1e3e-4be1-85c1-22e48c5d60e5; _silent_; WhatsApp; Анастасия; 6; Еду в магазин. Что-то купить?; 637235276169879510; True; RGBA(0.500, 0.500, 0.500, 1.000); False; CREATED; -
1; InFrontOfMobile; 2; e74a564f-5130-43eb-a3b6-2080c922ff0c; youtube; YouTube; Александр; 1; Очень важно!; 637235279186789170; False; RGBA(1.000, 0.000, 0.000, 1.000); True; CREATED; -
1; InFrontOfMobile; 2; fb0748dc-28a1-4bbf-93d6-05b9ff55e092; youtube; YouTube; Виктория; 10; Тут может быть ваша реклама; 637235279218699110; False; RGBA(1.000, 0.000, 0.000, 1.000); False; CREATED; -
1; InFrontOfMobile; 2; 4c5e30fc-fcae-4377-b874-5329ff677e13; youtube; YouTube; Александр; 1; Внимание!; 637235279248859680; False; RGBA(1.000, 0.000, 0.000, 1.000); True; CREATED; -
1; InFrontOfMobile; 2; a0f44fce-e413-47bf-99be-55c1787a8805; _silent_; Яндекс.Почта; Анатолий; 3; Ты не поверишь!; 637235279278932720; True; RGBA(0.500, 0.500, 0.500, 1.000); False; CREATED; -
1; InFrontOfMobile; 2; 827fc582-0594-43e5-b4cd-61e34c1ea176; whatsapp; WhatsApp; Анастасия; 6; Привет!; 637235279408996480; False; RGBA(0.000, 1.000, 0.000, 1.000); False; CREATED; -
1; InFrontOfMobile; 2; 84b9f08d-d3b9-4adf-bc54-a528974c0cc7; telegram; Telegram; Елизавета; 8; Что на ужин?; 637235279439029600; False; RGBA(0.000, 0.000, 1.000, 1.000); False; CREATED; -
1; InFrontOfMobile; 2; db6f40c5-19b3-40e7-8c93-85671a42074d; _silent_; Telegram; Анастасия; 6; Я тебя люблю; 637235279469126810; True; RGBA(0.500, 0.500, 0.500, 1.000); False; CREATED; -
1; InFrontOfMobile; 2; e1809679-3c7a-4545-8110-1319321fe8bc; _silent_; Яндекс.Почта; Алексей; 2; Внимание!; 637235279499190010; True; RGBA(0.500, 0.500, 0.500, 1.000); False; CREATED; -
1; InFrontOfMobile; 2; 25ee51e6-3eba-4ef5-b9bf-8d7b3493b601; youtube; YouTube; Александр; 1; Супер интересно; 637236957143217830; False; RGBA(1.000, 0.000, 0.000, 1.000); True; CREATED; -
1; InFrontOfMobile; 2; 0735a79d-a060-4e15-82d2-391a82738cd2; whatsapp; WhatsApp; Александр; 1; Твои новости очень меня обрадовали; 637236957177321840; False; RGBA(0.000, 1.000, 0.000, 1.000); False; CREATED; -
2; AroundStickers; 2; dc1ac198-f6d4-4883-9d65-612fcdc53151; youtube; YouTube; Александр; 1; А вы знали?; 637237826000524380; False; RGBA(1.000, 0.000, 0.000, 1.000); True; CREATED; -
1; InFrontOfMobile; 2; 00d1ad49-c608-422c-9870-8321d2e957ef; youtube; YouTube; Александр; 1; Ты не поверишь!; 637237826653901220; False; RGBA(1.000, 0.000, 0.000, 1.000); True; CREATED; -
1; InFrontOfMobile; 2; 15ffeaab-4a1d-47fa-9413-4fc65f94de61; yandexpost; Яндекс.Почта; Елизавета; 8; Внимание!; 637237826685246070; False; RGBA(1.000, 0.922, 0.016, 1.000); False; CREATED; -
1; InFrontOfMobile; 2; e4dc6fd5-f730-4258-9e4d-74bf2ea785ca; youtube; YouTube; Александр; 1; Ответ; 637237826715370850; False; RGBA(1.000, 0.000, 0.000, 1.000); True; CREATED; -
1; InFrontOfMobile; 2; 5c0eb8bc-3f3c-4b97-8c69-98f950b5b575; _silent_; YouTube; Анатолий; 3; Только сегодня!; 637237826745454690; True; RGBA(0.500, 0.500, 0.500, 1.000); False; CREATED; -
1; InFrontOfMobile; 2; 06cc26de-d1fe-45d2-994c-554e22e54bf0; telegram; Telegram; Елена; 7; Я спать, больше нет сил; 637237826975646540; False; RGBA(0.000, 0.000, 1.000, 1.000); False; CREATED; -
1; InFrontOfMobile; 2; 414de860-c479-45f0-b605-67efab4c1957; _silent_; YouTube; Александр; 1; Пам-пам; 637237827005796690; True; RGBA(0.500, 0.500, 0.500, 1.000); False; CREATED; -
1; InFrontOfMobile; 2; 948d57df-eac8-4449-a68c-ddb245d361f0; _silent_; Telegram; Зинаида; 9; Заберешь меня с работы?; 637237827035881860; True; RGBA(0.500, 0.500, 0.500, 1.000); False; CREATED; -
1; InFrontOfMobile; 2; 3aed9df1-e05c-4282-a2e8-8c7c9b5753ca; _silent_; YouTube; Алексей; 2; Пам-пам; 637237827065913290; True; RGBA(0.500, 0.500, 0.500, 1.000); False; CREATED; -
1; InFrontOfMobile; 2; e639450b-7c78-48c1-ab90-d0309f3f957a; youtube; YouTube; Александр; 1; А вы знали?; 637237828475932220; False; RGBA(1.000, 0.000, 0.000, 1.000); True; CREATED; -
1; InFrontOfMobile; 2; d81f215b-10c8-42f5-ba54-de612229685d; _silent_; Яндекс.Почта; Елизавета; 8; Вопрос; 637237828507410330; True; RGBA(0.500, 0.500, 0.500, 1.000); False; CREATED; -
1; InFrontOfMobile; 2; a7e58aaa-bd6a-4064-b67f-bf97e797d915; youtube; YouTube; Александр; 1; Внимание!; 637237828537533860; False; RGBA(1.000, 0.000, 0.000, 1.000); True; CREATED; -
1; InFrontOfMobile; 2; 3f8a59ea-5812-43fa-8dc1-8665aa14f933; youtube; YouTube; Анастасия; 6; Вопрос; 637237828567679320; False; RGBA(1.000, 0.000, 0.000, 1.000); False; CREATED; -
1; InFrontOfMobile; 2; 520099db-2815-4aa5-862c-be2b39fb452d; whatsapp; WhatsApp; Анастасия; 6; Куда едешь на каникулах?; 637237828797900990; False; RGBA(0.000, 1.000, 0.000, 1.000); False; CREATED; -
1; InFrontOfMobile; 2; 98841d12-71be-4c9a-9e6e-129cae1c5471; whatsapp; WhatsApp; Елена; 7; Завтра иду на стрижку; 637237828842302670; False; RGBA(0.000, 1.000, 0.000, 1.000); False; CREATED; -
1; InFrontOfMobile; 2; def75a69-b38b-4828-8823-beca803561dc; _silent_; Яндекс.Почта; Зинаида; 9; Внимание!; 637237828872190980; True; RGBA(0.500, 0.500, 0.500, 1.000); False; CREATED; -
1; InFrontOfMobile; 2; 24d70f95-7899-4a61-8fdd-2fec44e1f339; _silent_; Яндекс.Почта; Виктория; 10; Пам-пам; 637237828902258670; True; RGBA(0.500, 0.500, 0.500, 1.000); False; CREATED; -
1; InFrontOfMobile; 1; 5abe5c18-f13c-4e29-a6c4-59b7bb358652; youtube; YouTube; Александр; 1; Ты не поверишь!; 637237832098266510; False; RGBA(1.000, 0.000, 0.000, 1.000); True; CREATED; -
1; InFrontOfMobile; 1; 3150be60-757d-4c03-b8a5-b6b29b0b5ce9; youtube; YouTube; Александр; 1; Тут может быть ваша реклама; 637237833117416040; False; RGBA(1.000, 0.000, 0.000, 1.000); True; CREATED; -
1; InFrontOfMobile; 1; 1bf4b14e-1d60-456b-bc58-3444c3ac8b2c; youtube; YouTube; Александр; 1; А вы знали?; 637237833922818950; False; RGBA(1.000, 0.000, 0.000, 1.000); True; CREATED; -
1; InFrontOfMobile; 1; 38017c32-ed58-4046-b0a9-488741b123c9; youtube; YouTube; Александр; 1; Внимание!; 637237834786133970; False; RGBA(1.000, 0.000, 0.000, 1.000); True; CREATED; -
1; InFrontOfMobile; 1; ecfe23dd-f3a6-43eb-a40a-5072bce12d8f; yandexpost; Яндекс.Почта; Андрей; 4; Ответ; 637237834807350350; False; RGBA(1.000, 0.922, 0.016, 1.000); False; CREATED; -
1; InFrontOfMobile; 1; b8a15544-dd85-4ee9-a931-71ae1e6c5597; youtube; YouTube; Александр; 1; Тут может быть ваша реклама; 637237834827400710; False; RGBA(1.000, 0.000, 0.000, 1.000); True; CREATED; -
1; InFrontOfMobile; 1; 937f825f-9954-44fe-a2e3-65553e1a7a07; whatsapp; WhatsApp; Виктория; 10; Я тебя люблю; 637237834847550830; False; RGBA(0.000, 1.000, 0.000, 1.000); False; CREATED; -
1; InFrontOfMobile; 1; b36be966-4157-495d-ab88-2fef1bddee33; youtube; YouTube; Александр; 1; Пам-пам; 637237881961413170; False; RGBA(1.000, 0.000, 0.000, 1.000); True; CREATED; -
1; InFrontOfMobile; 1; 38bf0ac4-46a3-4476-8d44-61bb92e74657; youtube; YouTube; Александр; 1; Очень важно!; 637237882815296100; False; RGBA(1.000, 0.000, 0.000, 1.000); True; CREATED; -
1; InFrontOfMobile; 1; 2b89d063-a62d-4055-a928-fd3471bdd310; telegram; Telegram; Александр; 1; Приглашаю на день рождения. Встречаемся завтра в баре; 637237882846776900; False; RGBA(0.000, 0.000, 1.000, 1.000); False; CREATED; -
1; InFrontOfMobile; 1; a09c1754-1572-415f-a046-340acbf37ad8; youtube; YouTube; Александр; 1; Тут может быть ваша реклама; 637237882876886190; False; RGBA(1.000, 0.000, 0.000, 1.000); True; CREATED; -
1; InFrontOfMobile; 1; 0eef49bb-e5e5-4db0-b583-fcc7593f0396; youtube; YouTube; Елизавета; 8; Тут может быть ваша реклама; 637237882906993500; False; RGBA(1.000, 0.000, 0.000, 1.000); False; CREATED; -
1; InFrontOfMobile; 1; 1300a0f3-d66a-47d0-858f-55cbcf5b9b23; youtube; YouTube; Александр; 1; Очень важно!; 637237883308337060; False; RGBA(1.000, 0.000, 0.000, 1.000); True; CREATED; -
1; InFrontOfMobile; 1; d20f24a2-4334-4c50-a57e-e228922bec93; youtube; YouTube; Виктория; 10; Вопрос; 637237883339590100; False; RGBA(1.000, 0.000, 0.000, 1.000); False; CREATED; -
1; InFrontOfMobile; 1; ab33d5fc-deae-4d83-94d0-5bb8106e89d9; youtube; YouTube; Александр; 1; Вопрос; 637237883369709250; False; RGBA(1.000, 0.000, 0.000, 1.000); True; CREATED; -
1; InFrontOfMobile; 1; ed65a71e-2978-4519-8f8f-a3eb2c9d78b0; whatsapp; WhatsApp; Зинаида; 9; Я спать, больше нет сил; 637237883399803130; False; RGBA(0.000, 1.000, 0.000, 1.000); False; CREATED; -
1; InFrontOfMobile; 1; 1a222179-9e75-4353-a872-13faf36ba1c8; youtube; YouTube; Александр; 1; Супер интересно; 637238726163584530; False; RGBA(1.000, 0.000, 0.000, 1.000); True; CREATED; -
1; InFrontOfMobile; 1; ce0de666-2036-4840-a936-195f817cd3d3; youtube; YouTube; Александр; 1; Тут может быть ваша реклама; 637238727978289280; False; RGBA(1.000, 0.000, 0.000, 1.000); True; CREATED; -
1; InFrontOfMobile; 1; 997f878a-6815-416f-95e5-c7a639a397b5; _silent_; Яндекс.Почта; Алексей; 2; Внимание!; 637238728009788040; True; RGBA(0.500, 0.500, 0.500, 1.000); False; CREATED; -
1; InFrontOfMobile; 1; 8552ca0c-a1b1-451a-8097-5e90c86b3736; youtube; YouTube; Александр; 1; Очень важно!; 637238728039797630; False; RGBA(1.000, 0.000, 0.000, 1.000); True; CREATED; -
1; InFrontOfMobile; 1; ac84a63c-8a48-4d02-8c4e-1e3a80bff1eb; telegram; Telegram; Андрей; 4; Завтра иду на стрижку; 637238728069968100; False; RGBA(0.000, 0.000, 1.000, 1.000); False; CREATED; -
1; InFrontOfMobile; 1; 9943dc47-7c28-4ad3-83a9-0e48bef1def5; youtube; YouTube; Александр; 1; А вы знали?; 637238729129382090; False; RGBA(1.000, 0.000, 0.000, 1.000); True; CREATED; -
1; InFrontOfMobile; 1; 43b8802f-693c-423c-8b75-3f5042a2eb24; youtube; YouTube; Александр; 1; Пам-пам; 637238730715459310; False; RGBA(1.000, 0.000, 0.000, 1.000); True; CREATED; -
1; InFrontOfMobile; 1; 93ba227e-e5d4-4144-bf7a-bfb6d8f88237; youtube; YouTube; Александр; 1; Тут может быть ваша реклама; 637238732107508760; False; RGBA(1.000, 0.000, 0.000, 1.000); True; CREATED; -
1; InFrontOfMobile; 1; ed9085a8-5a11-4784-ac50-ad40ff48fa07; youtube; YouTube; Александр; 1; Только сегодня!; 637238733277352590; False; RGBA(1.000, 0.000, 0.000, 1.000); True; CREATED; -
1; InFrontOfMobile; 1; 05f72d95-508a-4a1b-8cd1-b21a81e0dbe7; youtube; YouTube; Александр; 1; Супер интересно; 637238733953687250; False; RGBA(1.000, 0.000, 0.000, 1.000); True; CREATED; -
1; InFrontOfMobile; 1; 03d5050b-97f9-4140-84ed-10c5cd1d65a3; youtube; YouTube; Александр; 1; Ты не поверишь!; 637238735481004440; False; RGBA(1.000, 0.000, 0.000, 1.000); True; CREATED; -
1; InFrontOfMobile; 1; 29800784-7170-4284-af6e-8c81c375ae03; telegram; Telegram; Елена; 7; Куда едешь на каникулах?; 637238735544319460; False; RGBA(0.000, 0.000, 1.000, 1.000); False; CREATED; -
1; InFrontOfMobile; 1; b4c93ff2-000c-4fba-8d75-721d8f2cef45; youtube; YouTube; Александр; 1; Ответ; 637238735574401680; False; RGBA(1.000, 0.000, 0.000, 1.000); True; CREATED; -
1; InFrontOfMobile; 1; 4b914c91-1e1d-4121-8e03-6f0d56d47f60; _silent_; YouTube; Елизавета; 8; Пам-пам; 637238735604484210; True; RGBA(0.500, 0.500, 0.500, 1.000); False; CREATED; -
1; InFrontOfMobile; 1; 686cc4b0-5d60-48f7-842b-74219b86ff2e; youtube; YouTube; Александр; 1; Супер интересно; 637238738345536790; False; RGBA(1.000, 0.000, 0.000, 1.000); True; CREATED; -
1; InFrontOfMobile; 1; 08ec34b3-3ac9-478a-a68e-e518afad7cae; youtube; YouTube; Александр; 1; Ты не поверишь!; 637238739726320790; False; RGBA(1.000, 0.000, 0.000, 1.000); True; CREATED; -
1; InFrontOfMobile; 1; 953d7ffb-c9e6-4fe2-9933-bbe1e98f60df; youtube; YouTube; Александр; 1; Ответ; 637238740452658710; False; RGBA(1.000, 0.000, 0.000, 1.000); True; CREATED; -
1; InFrontOfMobile; 1; 8679ec57-9389-48c8-9f58-566fe92a27b8; _silent_; Telegram; Елена; 7; Как дела?; 637238740483926890; True; RGBA(0.500, 0.500, 0.500, 1.000); False; CREATED; -
1; InFrontOfMobile; 1; 5544d920-5de6-4baf-a916-d48d9115aa38; youtube; YouTube; Александр; 1; Вопрос; 637238740514028460; False; RGBA(1.000, 0.000, 0.000, 1.000); True; CREATED; -
1; InFrontOfMobile; 1; bf218628-6687-48c7-bfa1-a4fd83623581; _silent_; Яндекс.Почта; Елена; 7; Внимание!; 637238740544151560; True; RGBA(0.500, 0.500, 0.500, 1.000); False; CREATED; -
1; InFrontOfMobile; 1; de350782-51d6-440c-b9ee-c7aac36ecdaa; youtube; YouTube; Александр; 1; Внимание!; 637238742038380700; False; RGBA(1.000, 0.000, 0.000, 1.000); True; CREATED; -
1; InFrontOfMobile; 1; 6f17d883-0d7a-4692-9b2e-596d7ead6abf; _silent_; YouTube; Анастасия; 6; Пам-пам; 637238742069807480; True; RGBA(0.500, 0.500, 0.500, 1.000); False; CREATED; -
1; InFrontOfMobile; 1; 9ca1278b-4697-4223-af67-e65d4a930ffb; youtube; YouTube; Александр; 1; Внимание!; 637238742099859340; False; RGBA(1.000, 0.000, 0.000, 1.000); True; CREATED; -
1; InFrontOfMobile; 1; 28851c86-24b6-4130-9fb0-d9ba645162fd; _silent_; Telegram; Анатолий; 3; Надеюсь скоро увидимся!; 637238742130046700; True; RGBA(0.500, 0.500, 0.500, 1.000); False; CREATED; -
1; InFrontOfStickers; 1; 16d5cf25-def2-46b2-901b-e01efd6abe18; _silent_; WhatsApp; Анатолий; 3; Заберешь меня с работы?; 637238742613245010; True; RGBA(0.500, 0.500, 0.500, 1.000); False; CREATED; -
1; InFrontOfStickers; 1; af3b2506-878b-4667-9743-9ac6b846ba8e; whatsapp; WhatsApp; Антон; 5; Когда придешь домой?; 637238742644303740; False; RGBA(0.000, 1.000, 0.000, 1.000); False; CREATED; -
1; InFrontOfStickers; 1; cbec8d89-45f9-4fae-b8fe-09c08cad73ba; _silent_; WhatsApp; Антон; 5; Что делаешь?; 637238742674454310; True; RGBA(0.500, 0.500, 0.500, 1.000); False; CREATED; -
1; InFrontOfStickers; 1; e7b6d7a6-32e3-4e3b-a693-8418c3cc43a1; telegram; Telegram; Анатолий; 3; Еду в магазин. Что-то купить?; 637238742704513690; False; RGBA(0.000, 0.000, 1.000, 1.000); False; CREATED; -
1; InFrontOfMobile; 1; 84a88526-0d3b-4b36-9caa-d536756706c1; youtube; YouTube; Александр; 1; Ответ; 637238743602213190; False; RGBA(1.000, 0.000, 0.000, 1.000); True; CREATED; -
1; InFrontOfMobile; 1; 726ef3ab-b60f-40bf-b921-81b444e691b3; _silent_; Telegram; Елена; 7; Еду в магазин. Что-то купить?; 637238743621924400; True; RGBA(0.500, 0.500, 0.500, 1.000); False; CREATED; -
1; InFrontOfMobile; 1; 548237b3-d483-4df0-9dd0-982f11999a2e; youtube; YouTube; Александр; 1; Супер интересно; 637238743652216180; False; RGBA(1.000, 0.000, 0.000, 1.000); True; CREATED; -
1; InFrontOfMobile; 1; 448e9f0b-3596-4c60-aabf-1289e99142f8; _silent_; WhatsApp; Елизавета; 8; Как дела?; 637238743652626910; True; RGBA(0.500, 0.500, 0.500, 1.000); False; CREATED; -
1; InFrontOfMobile; 1; ecaacf3c-0f6e-4c02-897b-f86c10cb903d; _silent_; YouTube; Елизавета; 8; Пам-пам; 637238743682297900; True; RGBA(0.500, 0.500, 0.500, 1.000); False; CREATED; -
1; InFrontOfMobile; 1; edc8a198-6260-4d73-b43b-290e7a5ec1b8; _silent_; YouTube; Зинаида; 9; Супер интересно; 637238743682738970; True; RGBA(0.500, 0.500, 0.500, 1.000); False; CREATED; -
1; InFrontOfMobile; 1; b86d27a2-bb94-4797-aa3e-305866775b9e; whatsapp; WhatsApp; Виктория; 10; Когда придешь домой?; 637238743712294660; False; RGBA(0.000, 1.000, 0.000, 1.000); False; CREATED; -
1; InFrontOfMobile; 1; 2ad3a6e9-8308-4e27-ad3e-f23d01b88734; _silent_; WhatsApp; Анатолий; 3; Что делаешь?; 637238743712830200; True; RGBA(0.500, 0.500, 0.500, 1.000); False; CREATED; -
1; InFrontOfMobile; 1; cb6b6c1f-54f6-46ea-b289-ec8e3889e308; youtube; YouTube; Александр; 1; Тут может быть ваша реклама; 637238745290777400; False; RGBA(1.000, 0.000, 0.000, 1.000); True; CREATED; -
1; InFrontOfMobile; 1; 32d09bf2-67c5-4494-9c61-22cebf6ea380; youtube; YouTube; Анастасия; 6; А вы знали?; 637238745310387510; False; RGBA(1.000, 0.000, 0.000, 1.000); False; CREATED; -
1; InFrontOfMobile; 1; f7abf794-48a4-4f35-bfb2-9bb802452559; youtube; YouTube; Александр; 1; Супер интересно; 637238745322798410; False; RGBA(1.000, 0.000, 0.000, 1.000); True; CREATED; -
1; InFrontOfMobile; 1; c35d6fd3-10dc-4ff5-99dc-c9210277a961; _silent_; YouTube; Алексей; 2; Пам-пам; 637238745353111160; True; RGBA(0.500, 0.500, 0.500, 1.000); False; CREATED; -
1; InFrontOfMobile; 1; e7a96280-0477-42fe-99c3-3786674eeed7; _silent_; WhatsApp; Анастасия; 6; Надеюсь скоро увидимся!; 637238745353648490; True; RGBA(0.500, 0.500, 0.500, 1.000); False; CREATED; -
1; InFrontOfMobile; 1; 969a5321-d340-4740-a8e5-0bfa66c11013; yandexpost; Яндекс.Почта; Андрей; 4; Очень важно!; 637238745354296830; False; RGBA(1.000, 0.922, 0.016, 1.000); False; CREATED; -
1; InFrontOfMobile; 1; ffef0626-7283-4041-81e6-4aa1d8cf3632; whatsapp; WhatsApp; Елена; 7; Я тебя люблю; 637238745383149220; False; RGBA(0.000, 1.000, 0.000, 1.000); False; CREATED; -
1; InFrontOfMobile; 1; 13fe0185-645f-42cc-90e1-040f3e21b129; _silent_; YouTube; Зинаида; 9; Ты не поверишь!; 637238745384005790; True; RGBA(0.500, 0.500, 0.500, 1.000); False; CREATED; -
1; InFrontOfMobile; 1; b1c164cc-049c-4d52-b41c-ca0a252fd599; _silent_; WhatsApp; Антон; 5; Куда едешь на каникулах?; 637238745384905530; True; RGBA(0.500, 0.500, 0.500, 1.000); False; CREATED; -
1; InFrontOfMobile; 1; 50f8f2b8-b211-4efa-a814-ce4bbcd42e0d; youtube; YouTube; Александр; 1; Только сегодня!; 637238746120545870; False; RGBA(1.000, 0.000, 0.000, 1.000); True; CREATED; -
1; InFrontOfMobile; 1; 0ebe79ec-e203-4a01-8e19-fa41ba62a52d; _silent_; Яндекс.Почта; Антон; 5; Только сегодня!; 637238746140092220; True; RGBA(0.500, 0.500, 0.500, 1.000); False; CREATED; -
1; InFrontOfMobile; 1; 63b22725-619a-47a1-ae92-6f71d9b6a06b; youtube; YouTube; Александр; 1; Внимание!; 637238746170368820; False; RGBA(1.000, 0.000, 0.000, 1.000); True; CREATED; -
1; InFrontOfMobile; 1; b076be65-3899-4068-a3d6-0ec038fd660b; _silent_; YouTube; Александр; 1; Пам-пам; 637238746170875910; True; RGBA(0.500, 0.500, 0.500, 1.000); False; CREATED; -
1; InFrontOfMobile; 1; e87ee5d0-c201-4979-b861-3e95e7daa4e8; telegram; Telegram; Анатолий; 3; Куда едешь на каникулах?; 637238746200444140; False; RGBA(0.000, 0.000, 1.000, 1.000); False; CREATED; -
1; InFrontOfMobile; 1; 8002c9d7-d294-4b4d-a0b2-6c14223c9194; _silent_; WhatsApp; Анатолий; 3; Не забудь покормить кота!; 637238746201042410; True; RGBA(0.500, 0.500, 0.500, 1.000); False; CREATED; -
1; InFrontOfMobile; 1; d8f5d448-48e8-4375-a308-d4b80cd3e08a; youtube; YouTube; Елена; 7; А вы знали?; 637238746230488340; False; RGBA(1.000, 0.000, 0.000, 1.000); False; CREATED; -
1; InFrontOfMobile; 1; e44336d2-5570-44b2-8681-a582b2f93c1b; youtube; YouTube; Виктория; 10; Только сегодня!; 637238746231196660; False; RGBA(1.000, 0.000, 0.000, 1.000); False; CREATED; -
1; InFrontOfMobile; 1; b39343f7-71e8-46d1-84c4-67b6ce4f510e; youtube; YouTube; Александр; 1; Ответ; 637238748241848700; False; RGBA(1.000, 0.000, 0.000, 1.000); True; CREATED; -
1; InFrontOfMobile; 1; 1a11167b-73d2-46a2-8a9a-92260a5a83f2; _silent_; Telegram; Антон; 5; Привет!; 637238748261574520; True; RGBA(0.500, 0.500, 0.500, 1.000); False; CREATED; -
1; InFrontOfMobile; 1; 51e255f3-8dda-40ac-b3fb-4dca92062044; youtube; YouTube; Александр; 1; Очень важно!; 637238748291903070; False; RGBA(1.000, 0.000, 0.000, 1.000); True; CREATED; -
1; InFrontOfMobile; 1; 5656f09d-e518-425d-ba12-009f07f52f6a; _silent_; WhatsApp; Анатолий; 3; Улетаю в командировку, польешь цветы?; 637238748292345740; True; RGBA(0.500, 0.500, 0.500, 1.000); False; CREATED; -
1; InFrontOfMobile; 1; cd89677c-558e-49b2-a0fd-406efa43825d; _silent_; Telegram; Алексей; 2; Приглашаю на день рождения. Встречаемся завтра в баре; 637238748322004460; True; RGBA(0.500, 0.500, 0.500, 1.000); False; CREATED; -
1; InFrontOfMobile; 1; 6681dd83-2ed6-42ee-93cc-c689f6132ce5; _silent_; WhatsApp; Алексей; 2; Что на ужин?; 637238748322373690; True; RGBA(0.500, 0.500, 0.500, 1.000); False; CREATED; -
1; InFrontOfMobile; 1; 88eca37e-de03-4d82-ad79-9200c0e7ea86; _silent_; Яндекс.Почта; Александр; 1; Тут может быть ваша реклама; 637238748352066950; True; RGBA(0.500, 0.500, 0.500, 1.000); False; CREATED; -
1; InFrontOfMobile; 1; 13feba33-988b-43ff-890d-500086a77f1e; _silent_; Telegram; Антон; 5; Не забудь покормить кота!; 637238748352527220; True; RGBA(0.500, 0.500, 0.500, 1.000); False; CREATED; -
1; InFrontOfMobile; 1; dbdeb225-9a3e-46bb-be9e-898a2b1c8487; youtube; YouTube; Александр; 1; А вы знали?; 637238749074086640; False; RGBA(1.000, 0.000, 0.000, 1.000); True; CREATED; -
1; InFrontOfMobile; 1; 717c6594-0752-4454-9471-e391c3178a9d; youtube; YouTube; Александр; 1; Ответ; 637238749093736220; False; RGBA(1.000, 0.000, 0.000, 1.000); True; CREATED; -
1; InFrontOfMobile; 1; bfee4802-bf1b-490f-a8e2-18f95e844688; _silent_; WhatsApp; Елена; 7; Приглашаю на день рождения. Встречаемся завтра в баре; 637238749144026910; True; RGBA(0.500, 0.500, 0.500, 1.000); False; CREATED; -
1; InFrontOfMobile; 1; b4c2182b-61e8-43c5-880b-9e92c994381a; yandexpost; Яндекс.Почта; Антон; 5; Только сегодня!; 637238749144399900; False; RGBA(1.000, 0.922, 0.016, 1.000); False; CREATED; -
1; InFrontOfMobile; 1; 07b7975a-2da5-4ece-8813-0d69a501e956; _silent_; WhatsApp; Елизавета; 8; Хочу сходить в кино. Присоединишься?; 637238749194181480; True; RGBA(0.500, 0.500, 0.500, 1.000); False; CREATED; -
1; InFrontOfMobile; 1; 3caaaaf9-4a52-4681-91d8-a9795cae169b; yandexpost; Яндекс.Почта; Анатолий; 3; Пам-пам; 637238749194626840; False; RGBA(1.000, 0.922, 0.016, 1.000); False; CREATED; -
1; InFrontOfMobile; 1; b4a2dc47-0f1f-4931-8b18-1dcf6c6d0c53; youtube; YouTube; Александр; 1; Внимание!; 637238750025043550; False; RGBA(1.000, 0.000, 0.000, 1.000); True; CREATED; -
1; InFrontOfMobile; 1; c1f46157-ced1-41b5-a84b-ba0822cb5e09; youtube; YouTube; Александр; 1; Только сегодня!; 637238750076470640; False; RGBA(1.000, 0.000, 0.000, 1.000); True; CREATED; -
1; InFrontOfMobile; 1; a0748ff1-65bd-4b84-ad30-6a81838b0c58; youtube; YouTube; Елизавета; 8; Ответ; 637238750126572760; False; RGBA(1.000, 0.000, 0.000, 1.000); False; CREATED; -
1; InFrontOfMobile; 1; 1e165424-e394-4ded-8c9b-53e3d78b27e3; youtube; YouTube; Александр; 1; Внимание!; 637238751666328490; False; RGBA(1.000, 0.000, 0.000, 1.000); True; CREATED; -
1; InFrontOfMobile; 1; 72d0dace-477d-4306-8e80-d94f8ac0ecb7; youtube; YouTube; Александр; 1; Вопрос; 637238751686598630; False; RGBA(1.000, 0.000, 0.000, 1.000); True; CREATED; -
1; InFrontOfMobile; 1; 2263b4ce-86b0-4460-9f0e-59d4e9754871; telegram; Telegram; Зинаида; 9; Улетаю в командировку, польешь цветы?; 637238751737200330; False; RGBA(0.000, 0.000, 1.000, 1.000); False; CREATED; -
1; InFrontOfMobile; 1; 2e59f3a5-5970-4fd1-b2a0-6dadee500740; _silent_; Telegram; Александр; 1; Завтра иду на стрижку; 637238751737658890; True; RGBA(0.500, 0.500, 0.500, 1.000); False; CREATED; -
1; InFrontOfMobile; 1; b0fff3b3-3eac-47e2-b582-cf9d33630f16; youtube; YouTube; Зинаида; 9; Пам-пам; 637238751787283990; False; RGBA(1.000, 0.000, 0.000, 1.000); False; CREATED; -
1; InFrontOfMobile; 1; 65bf5ca8-8bc3-4616-bf9b-21eed1233f2b; yandexpost; Яндекс.Почта; Виктория; 10; Пам-пам; 637238751787694550; False; RGBA(1.000, 0.922, 0.016, 1.000); False; CREATED; -
1; InFrontOfMobile; 1; 5568561d-af4b-441a-881c-05cddc053d78; youtube; YouTube; Александр; 1; Ты не поверишь!; 637238752709431240; False; RGBA(1.000, 0.000, 0.000, 1.000); True; CREATED; -
1; InFrontOfMobile; 1; 1fc0b78b-355c-491b-bfe7-b61974c767b3; youtube; YouTube; Александр; 1; А вы знали?; 637238752760820540; False; RGBA(1.000, 0.000, 0.000, 1.000); True; CREATED; -
1; InFrontOfMobile; 1; d400976b-ed67-4a13-b544-cc2050897af5; _silent_; WhatsApp; Анастасия; 6; Твои новости очень меня обрадовали; 637238752810957670; True; RGBA(0.500, 0.500, 0.500, 1.000); False; CREATED; -
1; InFrontOfMobile; 1; 7a9db2bd-7fd6-4554-a500-90b4888cf68a; youtube; YouTube; Александр; 1; Ты не поверишь!; 637238753971626540; False; RGBA(1.000, 0.000, 0.000, 1.000); True; CREATED; -
1; InFrontOfMobile; 1; 2d3c8eb0-bcc6-44d6-8f2f-c2b607ae9259; youtube; YouTube; Александр; 1; Вопрос; 637238754022924180; False; RGBA(1.000, 0.000, 0.000, 1.000); True; CREATED; -
1; InFrontOfMobile; 1; 7455ef60-8e99-401b-bd09-7b97b749a3b2; whatsapp; WhatsApp; Антон; 5; В такую погоду только дома сидеть; 637238754072984680; False; RGBA(0.000, 1.000, 0.000, 1.000); False; CREATED; -
1; InFrontOfMobile; 1; 644290a0-972d-4da2-b7d8-07189e52d003; _silent_; Яндекс.Почта; Виктория; 10; Внимание!; 637238754440536030; True; RGBA(0.500, 0.500, 0.500, 1.000); False; CREATED; -
1; InFrontOfMobile; 1; d1ef83f1-2cb0-42d2-9f05-5b7df74b84a4; _silent_; Яндекс.Почта; Алексей; 2; Ответ; 637238754491213200; True; RGBA(0.500, 0.500, 0.500, 1.000); False; CREATED; -
1; InFrontOfMobile; 1; ec6fee40-daae-4ba9-8f91-5b340c09179d; _silent_; YouTube; Алексей; 2; Очень важно!; 637238754541263810; True; RGBA(0.500, 0.500, 0.500, 1.000); False; CREATED; -
1; InFrontOfMobile; 1; e37ef537-8c49-4838-9389-52bbe3d63d17; youtube; YouTube; Александр; 1; Тут может быть ваша реклама; 637238755070734030; False; RGBA(1.000, 0.000, 0.000, 1.000); True; CREATED; -
1; InFrontOfMobile; 1; e47dbfd9-4117-476e-a0e6-abd7832388d2; youtube; YouTube; Александр; 1; Пам-пам; 637238755122052370; False; RGBA(1.000, 0.000, 0.000, 1.000); True; CREATED; -
1; InFrontOfMobile; 1; 77e81855-6185-40c6-9298-e7947237acdf; youtube; YouTube; Александр; 1; Внимание!; 637238755172074290; False; RGBA(1.000, 0.000, 0.000, 1.000); False; CREATED; -
1; InFrontOfMobile; 1; b2ba2626-4448-45a9-b30a-51ae866b8731; youtube; YouTube; Александр; 1; Очень важно!; 637238755913020880; False; RGBA(1.000, 0.000, 0.000, 1.000); True; CREATED; -
1; InFrontOfMobile; 1; 6406fb81-3631-4f0b-a384-97b1a428df5b; youtube; YouTube; Александр; 1; Тут может быть ваша реклама; 637238755932615280; False; RGBA(1.000, 0.000, 0.000, 1.000); True; CREATED; -
1; InFrontOfMobile; 1; 25529fc7-217a-44a7-8e20-f833230c5545; _silent_; WhatsApp; Виктория; 10; Пойдем гулять?; 637238755982927700; True; RGBA(0.500, 0.500, 0.500, 1.000); False; CREATED; -
1; InFrontOfMobile; 1; d419a3d7-79a5-43ba-b614-6b3281901ef5; whatsapp; WhatsApp; Елена; 7; Не забудь покормить кота!; 637238755983377450; False; RGBA(0.000, 1.000, 0.000, 1.000); False; CREATED; -
1; InFrontOfMobile; 1; a5df3af0-dd51-4988-8e07-900d3dfec177; _silent_; YouTube; Зинаида; 9; Ответ; 637238756033038150; True; RGBA(0.500, 0.500, 0.500, 1.000); False; CREATED; -
1; InFrontOfMobile; 1; 33c2584e-72a5-4ff7-9662-2eb559ce78cc; _silent_; Яндекс.Почта; Елена; 7; А вы знали?; 637238756033407600; True; RGBA(0.500, 0.500, 0.500, 1.000); False; CREATED; -
1; InFrontOfMobile; 1; 8c9d96f8-6c95-4c2a-9ccc-ddd04286d2f6; youtube; YouTube; Александр; 1; Очень важно!; 637238756711481630; False; RGBA(1.000, 0.000, 0.000, 1.000); True; CREATED; -
1; InFrontOfMobile; 1; 777a16b1-8a90-4da2-8566-dfd3cf81eb50; youtube; YouTube; Александр; 1; Вопрос; 637238756762936570; False; RGBA(1.000, 0.000, 0.000, 1.000); True; CREATED; -
1; InFrontOfMobile; 1; e12d3309-5ef3-4b94-b484-f02bb536ecf8; _silent_; Telegram; Антон; 5; Что на ужин?; 637238756813004730; True; RGBA(0.500, 0.500, 0.500, 1.000); False; CREATED; -
1; InFrontOfMobile; 1; 84948bdc-0190-439e-953e-3b989ea144a3; _silent_; YouTube; Виктория; 10; Тут может быть ваша реклама; 637238756985286830; True; RGBA(0.500, 0.500, 0.500, 1.000); False; CREATED; -
1; InFrontOfMobile; 1; 1e82a1db-741c-439e-a464-4ebeba489a09; yandexpost; Яндекс.Почта; Зинаида; 9; Очень важно!; 637238756997480690; False; RGBA(1.000, 0.922, 0.016, 1.000); False; CREATED; -
1; InFrontOfMobile; 1; 489e0be6-cf02-49e3-b58e-b4ee9a35875c; _silent_; Яндекс.Почта; Анастасия; 6; Супер интересно; 637238757047967690; True; RGBA(0.500, 0.500, 0.500, 1.000); False; CREATED; -
1; InFrontOfMobile; 1; 2ce04843-8845-4030-ac5b-fb3ee6c58c4a; _silent_; WhatsApp; Алексей; 2; Я тебя люблю; 637238757048271600; True; RGBA(0.500, 0.500, 0.500, 1.000); False; CREATED; -
1; InFrontOfMobile; 1; 206e37e6-88c6-4ee9-b773-3e3163b76691; whatsapp; WhatsApp; Александр; 1; Приглашаю на день рождения. Встречаемся завтра в баре; 637238757098060020; False; RGBA(0.000, 1.000, 0.000, 1.000); False; CREATED; -
1; InFrontOfMobile; 1; 963a9b70-e7fe-48ca-85d6-b32451d36e97; _silent_; WhatsApp; Александр; 1; Как дела?; 637238757098515120; True; RGBA(0.500, 0.500, 0.500, 1.000); False; CREATED; -
1; InFrontOfMobile; 1; b41c5115-e3b3-4cfb-886f-536f9d7289f3; _silent_; Telegram; Зинаида; 9; Что делаешь?; 637238757263133210; True; RGBA(0.500, 0.500, 0.500, 1.000); False; CREATED; -
1; InFrontOfMobile; 1; 85756fce-06ae-4423-b13f-baf6ddc6d001; _silent_; Telegram; Зинаида; 9; Надеюсь скоро увидимся!; 637238757428030970; True; RGBA(0.500, 0.500, 0.500, 1.000); False; CREATED; -
1; InFrontOfMobile; 1; 24b1e788-7b9a-4758-bda3-7316997ee266; _silent_; YouTube; Андрей; 4; А вы знали?; 637238757478056910; True; RGBA(0.500, 0.500, 0.500, 1.000); False; CREATED; -
1; InFrontOfMobile; 1; 5856f3e4-0244-4c68-b1e7-f172364185d8; youtube; YouTube; Александр; 1; А вы знали?; 637238757898815910; False; RGBA(1.000, 0.000, 0.000, 1.000); True; CREATED; -
1; InFrontOfMobile; 1; 67fe9cc7-d029-4252-acd2-4577c413de2e; youtube; YouTube; Александр; 1; Очень важно!; 637238757950209340; False; RGBA(1.000, 0.000, 0.000, 1.000); True; CREATED; -
1; InFrontOfMobile; 1; b4306600-f90d-420e-951a-dc13b2ebdd4a; telegram; Telegram; Алексей; 2; Куда едешь на каникулах?; 637238758000313660; False; RGBA(0.000, 0.000, 1.000, 1.000); False; CREATED; -
1; InFrontOfMobile; 1; 79b970cf-e0af-45fb-91a8-08d61adcefef; youtube; YouTube; Александр; 1; Супер интересно; 637238759148642010; False; RGBA(1.000, 0.000, 0.000, 1.000); True; CREATED; -
1; InFrontOfMobile; 1; e308576e-b1c9-48b6-8f54-ce64e24a1f8a; youtube; YouTube; Александр; 1; Ответ; 637238759200067700; False; RGBA(1.000, 0.000, 0.000, 1.000); True; CREATED; -
1; InFrontOfMobile; 1; 2da46098-4555-42dc-84f8-fb5e2b037ce4; yandexpost; Яндекс.Почта; Антон; 5; Вопрос; 637238759250084050; False; RGBA(1.000, 0.922, 0.016, 1.000); False; CREATED; -
1; InFrontOfMobile; 1; 41677784-d0d8-4ba7-a563-f7751cbeef9a; yandexpost; Яндекс.Почта; Анастасия; 6; Только сегодня!; 637238759475025040; False; RGBA(1.000, 0.922, 0.016, 1.000); False; CREATED; -
1; InFrontOfMobile; 1; 756aaa4d-da61-4a6e-bfa3-2b09aae7db62; telegram; Telegram; Зинаида; 9; Заберешь меня с работы?; 637238759525774930; False; RGBA(0.000, 0.000, 1.000, 1.000); False; CREATED; -
1; InFrontOfMobile; 1; bc5d580a-5942-4e29-83a8-8c662cd8506f; whatsapp; WhatsApp; Александр; 1; Когда придешь домой?; 637238759575905500; False; RGBA(0.000, 1.000, 0.000, 1.000); False; CREATED; -
